{"cameraMode":{"drawMode":0,"name":"Shaded","section":"Shading Mode"},"sceneLighting":true,"audioPlay":false,"sceneViewState":{"showFog":true,"showMaterialUpdate":false,"showSkybox":true,"showFlares":true,"showImageEffects":true,"showParticleSystems":true},"in2DMode":false,"pivot":{"x":-14.920917510986329,"y":-6.540625095367432,"z":24.094097137451173},"rotation":{"x":-0.21109086275100709,"y":0.10330930352210999,"z":-0.022431131452322007,"w":-0.9717759490013123},"size":16.385501861572267,"orthographic":false}